name,slug,url
90 Seconds,90seconds,https://jobs.lever.co/90seconds
Adventus,adventus,https://jobs.lever.co/adventus
Airalo,airalo,https://jobs.lever.co/airalo
Alif Semiconductor,alifsemi,https://jobs.lever.co/alifsemi
Ambergroup,ambergroup,https://jobs.lever.co/ambergroup
Anchorage Digital,anchorage,https://jobs.lever.co/anchorage
Avalere Health,avalerehealth,https://jobs.lever.co/avalerehealth
Belvedere Trading,belvederetrading,https://jobs.lever.co/belvederetrading
Blood,pslove-pte,https://jobs.lever.co/pslove-pte
BTSE,BTSE,https://jobs.lever.co/BTSE
CAI,cagents,https://jobs.lever.co/cagents
Centre for Strategic Infocomm Technologies,csit,https://jobs.lever.co/csit
CertiK,certik,https://jobs.lever.co/certik
CFGI,cfgi,https://jobs.lever.co/cfgi
CI&T,ciandt,https://jobs.lever.co/ciandt
Coda,Coda,https://jobs.lever.co/Coda
Coins.ph,coins,https://jobs.lever.co/coins
"Coupa Software, Inc.",coupa,https://jobs.lever.co/coupa
Crypto.com,crypto,https://jobs.lever.co/crypto
dLocal,dlocal,https://jobs.lever.co/dlocal
FieldAI,field-ai,https://jobs.lever.co/field-ai
FreeBalance,freebalance.com,https://jobs.lever.co/freebalance.com
fun.xyz,funxyz,https://jobs.lever.co/funxyz
GESS,gess,https://jobs.lever.co/gess
Getty Images,gettyimages,https://jobs.lever.co/gettyimages
GMO,gmo,https://jobs.lever.co/gmo
GoTo Group,GoToGroup,https://jobs.lever.co/GoToGroup
Hypebeast,hypebeast,https://jobs.lever.co/hypebeast
JumpCloud,jumpcloud,https://jobs.lever.co/jumpcloud
Kpler,kpler,https://jobs.lever.co/kpler
Lalamove,lalamove,https://jobs.lever.co/lalamove
Lyra Health,lyrahealth,https://jobs.lever.co/lyrahealth
Match Group,matchgroup,https://jobs.lever.co/matchgroup
nahc.io,nahc,https://jobs.lever.co/nahc
Ninja Van,ninjavan,https://jobs.lever.co/ninjavan
Nium,nium,https://jobs.lever.co/nium
Octopus Energy Group,octoenergy,https://jobs.lever.co/octoenergy
OutcomesAI,outcomesai,https://jobs.lever.co/outcomesai
Outsight,outsight,https://jobs.lever.co/outsight
Overmind,overmind,https://jobs.lever.co/overmind
Palantir Technologies,palantir,https://jobs.lever.co/palantir
Parallel Wireless,parallelwireless,https://jobs.lever.co/parallelwireless
Patsnap,patsnap,https://jobs.lever.co/patsnap
Penumbra,penumbrainc,https://jobs.lever.co/penumbrainc
Portcast,portcast,https://jobs.lever.co/portcast
Presto,prestolabs,https://jobs.lever.co/prestolabs
Quincus,quincus,https://jobs.lever.co/quincus
Raine Group,raine,https://jobs.lever.co/raine
Rezolve Ai,groupbyinc,https://jobs.lever.co/groupbyinc
Safran.AI,safran-ai,https://jobs.lever.co/safran-ai
Saviynt,saviynt,https://jobs.lever.co/saviynt
Seaport Global Holdings LLC,seaportglobal,https://jobs.lever.co/seaportglobal
Shield AI,shieldai,https://jobs.lever.co/shieldai
ShopBack,shopback-2,https://jobs.lever.co/shopback-2
Sitetracker,sitetracker,https://jobs.lever.co/sitetracker
Sonar,sonarsource,https://jobs.lever.co/sonarsource
Spotify,spotify,https://jobs.lever.co/spotify
TowardJobs,usasurveyjob,https://jobs.lever.co/usasurveyjob
TSMG,tsmg,https://jobs.lever.co/tsmg
Unlimit,unlimit,https://jobs.lever.co/unlimit
Valdera,valdera,https://jobs.lever.co/valdera
Veeva Systems,veeva,https://jobs.lever.co/veeva
WalkMe,walkme,https://jobs.lever.co/walkme
"WatchGuard Technologies, Inc.",watchguard,https://jobs.lever.co/watchguard
WEBTOON Entertainment Inc. (Wattpad & WEBTOON Family of Brands),wattpad,https://jobs.lever.co/wattpad
Welo Global,weloglobal,https://jobs.lever.co/weloglobal
Wing Assistant,getwingapp,https://jobs.lever.co/getwingapp
Wintermute,wintermute-trading,https://jobs.lever.co/wintermute-trading
Xsolla,xsolla,https://jobs.lever.co/xsolla
Zeeco,zeeco,https://jobs.lever.co/zeeco
